0,1,2,3,4,5,6,7,8,9,10,11,12,13,14,15,16,17,18,19,labels
-3.9908883571624756,1.7695826292037964,0.37648534774780273,-0.07489938288927078,0.23872780799865723,-0.04167921096086502,-0.009324115701019764,0.1990530639886856,0.08341880887746811,0.20053552091121674,0.13896486163139343,0.11684867739677429,-0.01866404339671135,0.28519999980926514,-0.05066223070025444,0.17645716667175293,0.07945500314235687,0.2051146924495697,0.07737390697002411,0.15543457865715027,0
-4.178261756896973,1.566051959991455,0.009487777017056942,0.5601626634597778,0.3080047070980072,0.08008742332458496,0.0069055319763720036,0.0464855432510376,0.0421188548207283,0.10160087049007416,0.0691756084561348,0.18481269478797913,0.12870219349861145,0.08243782073259354,0.18342973291873932,0.15424013137817383,0.09522513300180435,0.18449415266513824,0.09015920758247375,0.19079701602458954,0
-2.6705641746520996,2.939523458480835,0.03515711426734924,0.9054675698280334,0.2247081696987152,0.2964417338371277,-0.1078914999961853,0.09221184998750687,-0.07283050566911697,-0.006406237371265888,-0.13556009531021118,-0.09631287306547165,-0.10250791162252426,-0.12407654523849487,-0.12614233791828156,-0.2029975801706314,-0.14389652013778687,-0.20167134702205658,-0.18332983553409576,-0.22364689409732819,0
-4.226927757263184,1.2697595357894897,-0.021302558481693268,0.6733681559562683,0.11960640549659729,0.12309037148952484,0.2525968849658966,0.07738272845745087,0.10029536485671997,0.241855189204216,0.15702001750469208,0.21356497704982758,0.04573424160480499,0.19683143496513367,0.06168505176901817,0.1611483246088028,0.06970450282096863,0.1625111997127533,0.10026717185974121,0.12824639678001404,0
-4.042208194732666,1.8182830810546875,0.18791106343269348,0.4174351394176483,0.22404393553733826,0.12209982424974442,0.18326090276241302,0.10260696709156036,-0.06363742053508759,0.21461808681488037,0.12620429694652557,0.14956989884376526,0.04503527283668518,0.1100180521607399,0.005649532191455364,0.0766189843416214,0.010161684826016426,0.12825560569763184,0.023280207067728043,0.10315291583538055,0
-3.345442295074463,1.7269011735916138,0.4386257231235504,0.8413804769515991,0.09453898668289185,0.4012264609336853,-0.44920292496681213,-0.1379290670156479,-0.1176796555519104,0.1294807344675064,0.036497652530670166,0.16643503308296204,-0.005031588487327099,0.12036801874637604,-0.09171298891305923,0.24112486839294434,-0.1929500550031662,0.019694507122039795,0.02454443834722042,0.07224628329277039,0
-4.171036720275879,1.5709365606307983,0.2595699429512024,0.3111821115016937,0.1997169405221939,0.1299901008605957,0.16264203190803528,0.1358492076396942,0.09434321522712708,0.15301477909088135,-0.024268856272101402,0.16380460560321808,0.023339739069342613,0.2523435056209564,0.11528229713439941,0.08989329636096954,0.13163258135318756,0.12552523612976074,0.08282291889190674,0.11556942760944366,0
-4.182898044586182,1.5565074682235718,-0.30401045083999634,0.7921485900878906,-0.009171676822006702,0.22725367546081543,0.2306475192308426,-0.0012676884653046727,0.32899177074432373,0.014544212259352207,0.19454272091388702,0.13516463339328766,0.0626661628484726,0.23880569636821747,0.05879155918955803,0.17666615545749664,0.10442998260259628,0.08179239928722382,0.15754002332687378,0.05048784241080284,0
-3.8068180084228516,1.7495836019515991,0.34785765409469604,0.5916262269020081,0.14921501278877258,0.30154547095298767,-0.0741029903292656,-0.004692304879426956,-0.011183716356754303,0.18282079696655273,0.06324458122253418,0.1351129561662674,0.029816070571541786,0.10579778999090195,-0.07161987572908401,0.20112742483615875,-0.0645151361823082,0.0018044936005026102,0.03384236618876457,0.09849841892719269,0
-4.2321248054504395,1.5088154077529907,0.06532993912696838,0.4743351638317108,0.2412915825843811,0.09917210042476654,0.0399957075715065,0.07471358776092529,0.0013959793141111732,0.10672161728143692,0.13488037884235382,0.20294156670570374,0.12932293117046356,0.1653708964586258,0.1430341899394989,0.1592761129140854,0.12087935209274292,0.15255853533744812,0.124012790620327,0.18430213630199432,0
-4.097756385803223,1.6682264804840088,-0.2400457113981247,0.7671676874160767,0.019962839782238007,0.16761581599712372,0.20893226563930511,0.010923437774181366,0.2864716351032257,0.01839703693985939,0.17130286991596222,0.1003258228302002,0.04901374131441116,0.22549039125442505,0.06072596088051796,0.14346064627170563,0.08714864403009415,0.09836078435182571,0.15019157528877258,0.027340520173311234,0
-4.174391746520996,1.5780985355377197,-0.19490858912467957,0.7927994728088379,0.046131353825330734,0.2066735178232193,0.19793672859668732,-0.007593643385916948,0.30089813470840454,0.017831020057201385,0.18496571481227875,0.1233251541852951,0.0572279617190361,0.23647820949554443,0.03925011307001114,0.14752225577831268,0.12386585026979446,0.07923838496208191,0.12653358280658722,0.03869866952300072,0
-4.221435546875,1.5581539869308472,0.005282046739012003,0.47304630279541016,0.24303166568279266,0.08869308233261108,0.02966681867837906,0.08276525139808655,0.023099590092897415,0.12240739166736603,0.1526634842157364,0.1965867429971695,0.14322389662265778,0.15117290616035461,0.1331954151391983,0.1760512888431549,0.10562556236982346,0.1471526026725769,0.13386085629463196,0.15297682583332062,0
-4.27541446685791,1.304434895515442,0.28930291533470154,0.44434502720832825,0.2646091878414154,0.18101002275943756,0.24240057170391083,0.11882558465003967,0.09721507877111435,0.09084391593933105,0.17267102003097534,0.15478907525539398,0.041691944003105164,0.13566771149635315,0.14693708717823029,0.09097599238157272,0.11918516457080841,0.09891902655363083,0.11215800046920776,0.0886031910777092,0
-4.215104579925537,1.5257943868637085,0.11028125882148743,0.4978333115577698,0.28919029235839844,0.08923908323049545,-0.01520011480897665,0.045525725930929184,0.049204424023628235,0.09801783412694931,0.15169259905815125,0.2173624187707901,0.12230966240167618,0.13489194214344025,0.1535991132259369,0.15452496707439423,0.09591245651245117,0.1383519470691681,0.10059695690870285,0.1583857238292694,0
-4.188997745513916,1.6142311096191406,0.03619825839996338,0.5486651062965393,0.24098017811775208,0.11057979613542557,0.009755907580256462,0.058433447033166885,-0.002541485708206892,0.10339599847793579,0.14210717380046844,0.21983490884304047,0.1304791122674942,0.1280675232410431,0.13484075665473938,0.16358035802841187,0.06343890726566315,0.14092810451984406,0.10536409914493561,0.14647316932678223,0
-3.9745500087738037,1.7895344495773315,-0.4166210889816284,0.8529203534126282,-0.027972454205155373,0.17048001289367676,0.1889251321554184,-0.0414908342063427,0.29492688179016113,-0.013507961295545101,0.19277149438858032,0.08180057257413864,0.036013390868902206,0.25484248995780945,0.031387075781822205,0.14724209904670715,0.09620934724807739,0.10232994705438614,0.15714183449745178,0.0030787040013819933,0
-3.8231890201568604,2.202719211578369,0.36798983812332153,0.6800096035003662,0.27341148257255554,0.16640645265579224,0.04416881874203682,0.13624317944049835,-0.013310729525983334,0.061364900320768356,0.034841276705265045,0.0709359273314476,-0.04895058274269104,0.04288464039564133,-0.07626717537641525,-0.03842487558722496,-0.06634903699159622,0.01606886275112629,-0.03927893564105034,0.012559810653328896,0
-4.207686901092529,1.4192737340927124,0.030755363404750824,0.9695407748222351,0.20981203019618988,0.06605226546525955,0.26459234952926636,0.0072280121967196465,0.038521017879247665,0.13975922763347626,-0.01733265444636345,0.22290176153182983,0.0072762384079396725,0.1620313674211502,0.12396953254938126,0.09283790737390518,0.1406708061695099,0.06459581106901169,0.090149886906147,0.10309334844350815,0
-4.2557220458984375,1.2925782203674316,0.16060513257980347,0.5887762904167175,0.14647281169891357,0.08014346659183502,0.20661260187625885,0.027905700728297234,0.07452619075775146,0.17756253480911255,0.0876103863120079,0.219895139336586,0.08583538979291916,0.20353087782859802,0.08487988263368607,0.2241370677947998,0.07356840372085571,0.15052387118339539,0.10437249392271042,0.16732001304626465,0
-4.273342609405518,1.2873022556304932,0.17579448223114014,0.35071712732315063,0.06376060843467712,0.19296154379844666,0.06249832734465599,0.24842815101146698,-0.0158507339656353,0.2524091303348541,0.115241639316082,0.18647046387195587,0.12683428823947906,0.14711910486221313,0.1575719118118286,0.10314518958330154,0.14404058456420898,0.23538479208946228,0.11873261630535126,0.21068540215492249,0
-4.185665607452393,1.3879297971725464,0.4873199760913849,0.36394765973091125,0.16728955507278442,0.058695193380117416,0.04042528569698334,0.09721549600362778,0.08504696935415268,0.22137455642223358,0.10793252289295197,0.1733163446187973,0.06190575659275055,0.16504718363285065,0.04559721425175667,0.14162568747997284,0.08093748986721039,0.150783970952034,0.0691257193684578,0.19375081360340118,0
-4.217859745025635,1.2405338287353516,0.3695625364780426,0.5696372389793396,0.15358705818653107,0.13087810575962067,0.05536312237381935,0.05540721118450165,0.07333119958639145,0.14158931374549866,0.08496075123548508,0.18688519299030304,0.04735773801803589,0.21425126492977142,0.07821807265281677,0.18431678414344788,0.08697673678398132,0.18055595457553864,0.0650755986571312,0.2060580998659134,0
-4.223936080932617,1.3564372062683105,0.43337973952293396,0.5126873254776001,0.2550031244754791,0.1846575140953064,0.19012852013111115,0.019861765205860138,-0.12541787326335907,0.1664545238018036,0.0645073875784874,0.11686204373836517,0.08023481070995331,0.10174094885587692,0.09369134902954102,0.21604587137699127,0.10498589277267456,0.1585306078195572,0.11606335639953613,0.09649541974067688,0
-4.185781002044678,1.4310131072998047,0.3386392295360565,0.4454505145549774,0.07733866572380066,0.13026106357574463,0.03086821176111698,0.1026579812169075,0.08726747334003448,0.19316570460796356,0.1181153953075409,0.16512145102024078,0.07794078439474106,0.1602035015821457,0.049244992434978485,0.1813611537218094,0.07486331462860107,0.16671380400657654,0.04609803482890129,0.2194412499666214,0
-4.362468719482422,1.1901564598083496,0.16744351387023926,0.4320205748081207,0.22070984542369843,0.18901817500591278,0.07132691890001297,0.17226830124855042,0.11946198344230652,0.20442143082618713,0.13088448345661163,0.15109138190746307,0.09705832600593567,0.18204453587532043,0.12084481865167618,0.1579391211271286,0.1484098583459854,0.186910942196846,0.1342209279537201,0.17964233458042145,0
-4.225982666015625,1.2923667430877686,0.21702119708061218,0.7912909388542175,0.18452520668506622,0.19554005563259125,0.22481729090213776,-0.0049329339526593685,0.08287470787763596,0.1863851547241211,0.005814645439386368,0.20101270079612732,0.023384978994727135,0.19310390949249268,0.029192548245191574,0.21787573397159576,0.046218130737543106,0.14390748739242554,0.010186759755015373,0.11276325583457947,0
-4.358315467834473,1.1688381433486938,0.1584588587284088,0.41429293155670166,0.2007507085800171,0.19291065633296967,0.06011539697647095,0.17318572103977203,0.09554826468229294,0.20294325053691864,0.13020919263362885,0.15452946722507477,0.09061988443136215,0.18666154146194458,0.12665815651416779,0.1698436439037323,0.1581428200006485,0.20938444137573242,0.1514350026845932,0.20161433517932892,0
-4.227174282073975,1.6381956338882446,0.5442388653755188,0.44237202405929565,0.19616180658340454,0.13791877031326294,0.03415490686893463,0.012750453315675259,0.026209093630313873,0.0484921932220459,0.047190744429826736,0.11910560727119446,0.09085135161876678,0.09064006805419922,0.08636173605918884,0.12538368999958038,0.12806656956672668,0.12021225690841675,0.12446434795856476,0.14018569886684418,0
-4.179628372192383,1.6243325471878052,0.3224545419216156,0.3853267729282379,0.2151390165090561,0.2817908823490143,0.11861243844032288,0.11557801812887192,-0.005202911328524351,0.11386488378047943,0.07805098593235016,0.16002720594406128,0.036397628486156464,0.08109163492918015,0.10030381381511688,0.1641714721918106,0.033535659313201904,0.08800146728754044,0.08850289136171341,0.11058954894542694,0
-4.367640495300293,1.1373844146728516,0.18746495246887207,0.40628448128700256,0.21217702329158783,0.19641296565532684,0.07765045762062073,0.1819220632314682,0.10380617529153824,0.2041855752468109,0.12675470113754272,0.15315277874469757,0.08839529752731323,0.19406139850616455,0.13007499277591705,0.1688685268163681,0.14915136992931366,0.2043982595205307,0.14596259593963623,0.18916726112365723,0
-4.2544450759887695,1.3505886793136597,0.43608060479164124,0.3600250482559204,0.3386685848236084,0.20087948441505432,0.1816643476486206,0.12806303799152374,0.023187443614006042,0.17966781556606293,0.030815986916422844,0.13565842807292938,0.01622053235769272,0.14712569117546082,0.12361571937799454,0.14034251868724823,0.0521869882941246,0.15418747067451477,0.07637656480073929,0.10670637339353561,0
-3.8001046180725098,2.2646706104278564,0.044113993644714355,0.2003147304058075,0.19364802539348602,-0.037753500044345856,-0.031481511890888214,0.20882824063301086,0.025960491970181465,0.24357539415359497,0.08992738276720047,0.06485316902399063,-0.008404316380620003,0.1399976909160614,0.04280706122517586,0.02424486353993416,0.06161240115761757,0.07884734123945236,0.049628037959337234,0.09382703900337219,0
-4.223181247711182,1.2001184225082397,0.04524589702486992,0.7884390354156494,0.1037290096282959,0.1091349795460701,0.21727891266345978,0.042603749781847,0.097997285425663,0.24080714583396912,0.05384426191449165,0.201800137758255,0.08572816848754883,0.24990223348140717,0.043067965656518936,0.1825440526008606,0.08182045817375183,0.1635487824678421,0.07726116478443146,0.1454499363899231,0
-3.793564796447754,1.8734029531478882,0.18586519360542297,0.7052672505378723,0.0717632845044136,0.3050289750099182,0.13290749490261078,-0.03985850140452385,-0.23177649080753326,0.033749546855688095,-0.0523894764482975,0.16994629800319672,0.09296431392431259,0.16829527914524078,-0.033264853060245514,0.14827987551689148,0.0026563743595033884,0.03334367647767067,-0.0015911812661215663,0.18373067677021027,0
-2.8759655952453613,2.873201608657837,0.31085067987442017,0.8853482007980347,0.1732029765844345,0.3135954439640045,-0.14240345358848572,0.1279868334531784,-0.0892808735370636,-0.050735507160425186,-0.08150346577167511,-0.13079160451889038,-0.08624393492937088,-0.13756822049617767,-0.1191035807132721,-0.19893047213554382,-0.0888286828994751,-0.20015741884708405,-0.1937786042690277,-0.1969672441482544,0
-4.221307277679443,1.542877197265625,0.08382371813058853,0.4940671920776367,0.25285929441452026,0.10622738301753998,0.047051429748535156,0.035009920597076416,0.03394420072436333,0.09685330837965012,0.08352749049663544,0.20869609713554382,0.135713592171669,0.11717907339334488,0.17704260349273682,0.1719617247581482,0.09904380887746811,0.15566425025463104,0.1123884990811348,0.1690119057893753,0
-4.211428642272949,1.16543447971344,-0.017779262736439705,0.870042622089386,0.11251767724752426,0.1540522426366806,0.21998260915279388,0.0495319701731205,0.03734513372182846,0.16334252059459686,0.05347185581922531,0.24724458158016205,0.009606514126062393,0.21841004490852356,0.06950924545526505,0.24313072860240936,0.06053584814071655,0.1980322152376175,0.10854341089725494,0.15380021929740906,0
-4.032092094421387,1.747450351715088,0.18602828681468964,0.4032341241836548,0.07473751902580261,0.17162884771823883,0.14439670741558075,0.2504439353942871,0.24486443400382996,0.19404900074005127,0.1742846816778183,0.1810816526412964,-0.03062816709280014,0.14630979299545288,-0.0006336795631796122,-0.005344944540411234,0.02554413117468357,0.04438282921910286,-0.05209663510322571,0.08606898039579391,0
-4.291809558868408,1.2950130701065063,0.12277860939502716,0.39442235231399536,0.14401106536388397,0.1784236580133438,0.06951596587896347,0.22822250425815582,-0.014293399639427662,0.22529713809490204,0.11684845387935638,0.16803868114948273,0.13103921711444855,0.1079283058643341,0.16254951059818268,0.1343713253736496,0.15872222185134888,0.2241198718547821,0.14965581893920898,0.18589885532855988,0
-4.169928073883057,1.3206113576889038,-0.11618883162736893,0.8385675549507141,0.2608167231082916,0.06323276460170746,0.1365673840045929,0.0006155827431939542,-0.016387799754738808,0.19056035578250885,0.025317655876278877,0.1952216923236847,0.11240307241678238,0.20634551346302032,0.02323909103870392,0.27051207423210144,0.15741343796253204,0.11296986788511276,0.07080142199993134,0.22010564804077148,0
-4.051360130310059,1.744989037513733,-0.4576253890991211,0.8351677656173706,-0.021453337743878365,0.21947434544563293,0.1985435038805008,-0.058298125863075256,0.32294130325317383,0.012794313952326775,0.2086799293756485,0.10124394297599792,0.05348614975810051,0.26101961731910706,0.022325363010168076,0.155693918466568,0.10985691845417023,0.08841431140899658,0.1417604237794876,0.032029032707214355,0
-4.17434024810791,1.5090323686599731,0.46635502576828003,0.12294876575469971,0.32111549377441406,0.01742667891085148,0.265666127204895,0.04564828798174858,0.238604336977005,0.11194442212581635,0.025404978543519974,0.11975450068712234,0.05466713756322861,0.1571531444787979,0.043167825788259506,0.15145808458328247,0.0498579777777195,0.1810145080089569,0.09020921587944031,0.13036155700683594,0
-4.200236797332764,1.5437015295028687,0.02518194541335106,0.5442818403244019,0.21359363198280334,0.10580723732709885,0.03857911005616188,0.09805583953857422,-0.007383253891021013,0.10861942172050476,0.1386241614818573,0.19865036010742188,0.13844451308250427,0.11719870567321777,0.15796220302581787,0.1748129427433014,0.063534677028656,0.1680416315793991,0.12392163276672363,0.15048305690288544,0
-4.145562648773193,1.6625783443450928,-0.04925873875617981,0.6087985038757324,0.2575930953025818,0.06377886235713959,0.03147168830037117,0.045694075524806976,-0.009118117392063141,0.13295426964759827,0.11793746799230576,0.17186835408210754,0.133509561419487,0.11929972469806671,0.14966773986816406,0.16378715634346008,0.06360965222120285,0.1545141637325287,0.10293177515268326,0.13298633694648743,0
-4.192674160003662,1.5828828811645508,0.18278755247592926,0.38823381066322327,0.2583700716495514,0.15641406178474426,0.15365932881832123,0.04448630288243294,0.11123893409967422,0.07221740484237671,0.10651855170726776,0.12975333631038666,0.07710205018520355,0.15082089602947235,0.12866093218326569,0.11860939860343933,0.13607966899871826,0.0951724722981453,0.13428857922554016,0.08468014001846313,0
-3.7413289546966553,2.1402671337127686,-0.33333903551101685,0.5532935857772827,-0.10526484996080399,0.24803602695465088,-0.025117654353380203,0.24383307993412018,-0.0631023570895195,0.07613061368465424,0.23015078902244568,0.0670691728591919,0.009639499709010124,0.1359999179840088,0.11934573948383331,0.13309012353420258,0.004950256086885929,0.017323652282357216,0.12378554791212082,0.1031145304441452,0
-3.9567387104034424,1.6630207300186157,0.35093262791633606,0.3852497339248657,0.31292667984962463,0.11031074076890945,-0.05758824571967125,0.20274093747138977,0.018406277522444725,0.062470756471157074,0.02402155101299286,0.13220395147800446,0.06848591566085815,0.0684138610959053,0.0913623794913292,0.15855656564235687,-0.003124979790300131,0.14205051958560944,0.001970884157344699,0.1664966344833374,0
-4.346632957458496,1.0741493701934814,0.3067898154258728,0.5045322775840759,0.20014311373233795,0.15966607630252838,0.1499323695898056,0.04576640576124191,0.1806565374135971,0.15463046729564667,0.05061629042029381,0.17929190397262573,0.10961388051509857,0.15903960168361664,0.1251070648431778,0.21048972010612488,0.12119348347187042,0.1765834093093872,0.14262497425079346,0.19258248805999756,0
-3.971287250518799,1.8654838800430298,0.2664174437522888,0.4972791373729706,0.1819945126771927,0.283070832490921,0.0750168114900589,-0.06806229054927826,0.17195504903793335,-0.016402365639805794,0.013205627910792828,0.04175146296620369,-0.00984930619597435,0.11444856226444244,0.05363651365041733,0.06078965589404106,0.1056288629770279,0.08911366015672684,0.021319715306162834,0.1782120168209076,0
-4.233852386474609,1.5258018970489502,0.21212950348854065,0.4206487834453583,0.28775691986083984,0.18065564334392548,0.14654627442359924,0.02982989139854908,0.13177087903022766,0.07012037187814713,0.062466852366924286,0.11401496082544327,0.08635490387678146,0.15466825664043427,0.14015257358551025,0.13370558619499207,0.13988108932971954,0.09485290199518204,0.14051936566829681,0.08169972151517868,0
-2.5570876598358154,2.9038758277893066,-0.02582419477403164,0.8605644106864929,0.158462256193161,0.36117279529571533,-0.033749256283044815,0.09196654707193375,-0.1830461174249649,0.01675102859735489,-0.07578612118959427,-0.09673785418272018,-0.09625371545553207,-0.1772792637348175,-0.12037565559148788,-0.16808433830738068,-0.15313448011875153,-0.221833735704422,-0.15869875252246857,-0.23080874979496002,0
-4.347905158996582,1.1584669351577759,0.31593868136405945,0.44385549426078796,0.23345120251178741,0.1480821669101715,0.07240338623523712,0.22728213667869568,0.05565514415502548,0.1310749650001526,0.13468267023563385,0.1659838855266571,0.09918687492609024,0.1661853790283203,0.10264978557825089,0.1728823035955429,0.12092488259077072,0.18154065310955048,0.13683895766735077,0.1788782924413681,0
-4.183762550354004,1.524693250656128,0.2041129469871521,0.4496624171733856,0.11868105083703995,0.11206740885972977,0.06281394511461258,0.04728720709681511,0.03249315172433853,0.13946036994457245,0.07354576140642166,0.1748499572277069,0.08097738772630692,0.2054448127746582,0.1417229324579239,0.15120446681976318,0.11092216521501541,0.18322452902793884,0.13275860249996185,0.14070022106170654,0
-2.857464551925659,2.8879733085632324,0.3299747109413147,0.8370826840400696,0.18721677362918854,0.3482498228549957,-0.12339024245738983,0.08025507628917694,-0.11050554364919662,-0.03869705647230148,-0.06930921226739883,-0.11935632675886154,-0.11258620768785477,-0.15147075057029724,-0.08954528719186783,-0.21694844961166382,-0.12116393446922302,-0.20135177671909332,-0.17393340170383453,-0.1919495314359665,0
-4.239355087280273,1.414862871170044,0.4418203830718994,0.30946025252342224,0.07334362715482712,0.21928031742572784,0.10092249512672424,0.019866885617375374,0.11212875694036484,0.13680654764175415,0.12263385206460953,0.2196314036846161,0.11453799903392792,0.12168114632368088,0.13849642872810364,0.16699112951755524,0.07571826875209808,0.15375396609306335,0.0914430171251297,0.11309600621461868,0
-4.252007961273193,1.2840204238891602,0.174759179353714,0.32946404814720154,0.2383316308259964,0.21397088468074799,0.13261215388774872,0.1793581247329712,0.07940033823251724,0.19789598882198334,0.10921180993318558,0.1922210305929184,0.07946478575468063,0.17561188340187073,0.10202042013406754,0.14923007786273956,0.09846610575914383,0.17557205259799957,0.10764887928962708,0.13820412755012512,0
-2.766277313232422,3.0911989212036133,0.008515474386513233,0.8253514766693115,0.21563132107257843,0.299362450838089,-0.07947426289319992,0.05577262118458748,-0.06207437440752983,0.00804881565272808,-0.13851593434810638,-0.10450255870819092,-0.08978406339883804,-0.12655170261859894,-0.11610271036624908,-0.20940852165222168,-0.12890559434890747,-0.19690558314323425,-0.17762361466884613,-0.2132791429758072,0
-4.163387775421143,1.3244051933288574,0.22317443788051605,0.7259340286254883,0.13635504245758057,0.22645902633666992,0.1837591677904129,0.008718221448361874,0.09433162212371826,0.09460495412349701,0.06967566162347794,0.22310090065002441,-0.01413541380316019,0.258350133895874,-0.01132825668901205,0.20009782910346985,0.026158202439546585,0.10998372733592987,0.03659120202064514,0.1731930524110794,0
-4.144625186920166,1.6514904499053955,0.38835063576698303,0.3776163160800934,0.04872322082519531,0.11024034768342972,0.11211418360471725,-0.01890566572546959,0.0960046797990799,0.12439826875925064,0.09944761544466019,0.21647359430789948,0.09335988759994507,0.10361163318157196,0.1484481543302536,0.14661455154418945,0.031219162046909332,0.1393796056509018,0.0757775753736496,0.11742889136075974,0
-4.218587398529053,1.5568701028823853,0.22631508111953735,0.31898748874664307,0.2054092139005661,-0.008524736389517784,0.024210067465901375,0.10729160159826279,0.10599655658006668,0.22483515739440918,0.05648728832602501,0.07124913483858109,0.09752792119979858,0.1667143851518631,0.10495631396770477,0.11115472763776779,0.1324499547481537,0.2547660768032074,0.15686117112636566,0.20650537312030792,1
-3.747685670852661,1.8181304931640625,0.4623408019542694,0.6951487064361572,0.06287862360477448,-0.08370587229728699,-0.08452598005533218,0.03712408244609833,-0.039323221892118454,0.12999112904071808,-0.006855889689177275,0.13189701735973358,-0.019956644624471664,0.11981959640979767,-0.002576204016804695,0.12073227763175964,0.04759521409869194,0.09991693496704102,0.016940735280513763,0.19228649139404297,1
-3.8180594444274902,1.9259999990463257,0.2706587314605713,0.502987802028656,0.06484242528676987,-0.1819663643836975,-0.03284211829304695,0.12038706243038177,0.0798552855849266,0.13777707517147064,0.004589049611240625,0.1547757387161255,-0.014470625668764114,0.18059667944908142,-0.02639438584446907,0.16214372217655182,0.06604114174842834,0.09653637558221817,0.01915683224797249,0.22466540336608887,1
-4.195559978485107,1.5498583316802979,0.2150953859090805,0.41723498702049255,0.17659080028533936,-0.0036455164663493633,0.0650467798113823,0.06882844865322113,0.007460675667971373,0.17754271626472473,0.09919428825378418,0.04009108990430832,0.11052200943231583,0.169822558760643,0.1285650134086609,0.15229131281375885,0.1112229973077774,0.2732539772987366,0.13766254484653473,0.19875775277614594,1
-4.2129411697387695,1.4965842962265015,0.34212568402290344,0.3314676284790039,0.13811074197292328,0.2085084319114685,0.10658231377601624,0.12326188385486603,0.08810722827911377,0.17413534224033356,0.11268029361963272,0.12352032214403152,0.08105975389480591,0.1419718712568283,0.07176939398050308,0.14542222023010254,0.09749485552310944,0.1309085190296173,0.08363772928714752,0.13431307673454285,1
-4.234142780303955,1.4945435523986816,0.30775147676467896,0.35519328713417053,0.2051507532596588,-0.0010696497047320008,0.03136889263987541,0.10208407789468765,0.05790034681558609,0.2071339190006256,0.0774545669555664,0.05080041661858559,0.10323545336723328,0.15299870073795319,0.10239043086767197,0.1276632845401764,0.13431495428085327,0.2668975293636322,0.13903944194316864,0.22065697610378265,1
-4.363181114196777,1.0890716314315796,0.2805158793926239,0.42805492877960205,0.25329169631004333,0.22115808725357056,0.05754034221172333,0.12557503581047058,0.10904448479413986,0.17755310237407684,0.1600976586341858,0.15057946741580963,0.14931033551692963,0.16771149635314941,0.1162673830986023,0.17716510593891144,0.1409997195005417,0.1473366916179657,0.1371866911649704,0.16786766052246094,1
-4.2553253173828125,1.471448540687561,0.28449735045433044,0.37567541003227234,0.20029909908771515,0.023965783417224884,0.047382652759552,0.094364233314991,0.09280630201101303,0.1920376867055893,0.0835803896188736,0.07319611310958862,0.09504076093435287,0.16098296642303467,0.11884615570306778,0.14463582634925842,0.13530199229717255,0.23643772304058075,0.1336655169725418,0.19262267649173737,1
-4.272436618804932,1.4325531721115112,0.18229754269123077,0.3772711753845215,0.18976736068725586,0.018698282539844513,0.05532826855778694,0.16898216307163239,0.03886113688349724,0.18105867505073547,0.14524038136005402,0.09688159078359604,0.07979313284158707,0.18014681339263916,0.08943793177604675,0.18158771097660065,0.13236285746097565,0.2555188834667206,0.1420985609292984,0.21774528920650482,1
-3.6658358573913574,2.4468207359313965,0.6772404313087463,0.5393346548080444,0.423862487077713,0.2272765189409256,0.14706918597221375,0.15432940423488617,0.0015905189793556929,-0.031099315732717514,0.011356661096215248,-0.033283721655607224,-0.06551168113946915,-0.05651530250906944,-0.13079220056533813,-0.1700771003961563,-0.11587578803300858,-0.05829988047480583,-0.12898962199687958,-0.11430305987596512,1
-4.119086265563965,1.6351895332336426,0.23636136949062347,0.37550878524780273,0.18892823159694672,-0.06824944913387299,-0.022480197250843048,0.07546301931142807,0.03953193128108978,0.22486256062984467,0.04494919627904892,0.00893984641879797,0.08936334401369095,0.17277535796165466,0.12099100649356842,0.13482125103473663,0.11248806118965149,0.28322967886924744,0.14765219390392303,0.22263631224632263,1
-4.261886119842529,1.4327749013900757,0.2723303437232971,0.3536638021469116,0.2239602953195572,0.0360785610973835,0.0368402935564518,0.12072427570819855,0.0746326819062233,0.2035420686006546,0.10187382251024246,0.06170280650258064,0.11400268971920013,0.1629052609205246,0.13318321108818054,0.1385669708251953,0.12886229157447815,0.23808079957962036,0.12971962988376617,0.1977197825908661,1
-4.327704429626465,1.1658076047897339,0.17244310677051544,0.3050209879875183,0.06230991333723068,0.237488254904747,0.12833060324192047,0.21681635081768036,0.005002928432077169,0.23787109553813934,0.137189581990242,0.19050323963165283,0.1372247040271759,0.1496269851922989,0.15543732047080994,0.17573149502277374,0.15068186819553375,0.22127321362495422,0.15363751351833344,0.20676329731941223,1
-4.102397441864014,1.7011446952819824,-0.36930611729621887,0.8033778071403503,-0.0056004696525633335,0.2334798127412796,0.19536897540092468,-0.03512255847454071,0.32016095519065857,-0.0058109452947974205,0.20190274715423584,0.11508936434984207,0.049669381231069565,0.2516314685344696,0.04170504957437515,0.16383209824562073,0.10406685620546341,0.0875483974814415,0.14368130266666412,0.02517118863761425,1
-4.158740520477295,1.5085668563842773,-0.30211880803108215,0.8064298033714294,-0.018820177763700485,0.20799419283866882,0.22747671604156494,0.01010523084551096,0.32473862171173096,0.005913578439503908,0.18685223162174225,0.1284245103597641,0.06265395134687424,0.2525327801704407,0.06884516030550003,0.17367345094680786,0.12223096191883087,0.0972893238067627,0.160639226436615,0.04683953523635864,1
-3.9684622287750244,1.70316481590271,0.36751481890678406,0.5924603343009949,0.05234372243285179,0.0007374857668764889,0.031603965908288956,0.10168027877807617,-0.01191842183470726,0.16702677309513092,0.02540789730846882,0.13910327851772308,-0.01649603806436062,0.18207617104053497,-0.0032381308265030384,0.16207285225391388,0.047317661345005035,0.12980017066001892,0.015370845794677734,0.2175097018480301,1
-4.301721096038818,1.2709479331970215,0.05027934908866882,0.30665019154548645,0.10482272505760193,0.19470448791980743,0.09570842981338501,0.15766820311546326,0.04230521619319916,0.24469587206840515,0.1265963912010193,0.21625354886054993,0.14964979887008667,0.1752375066280365,0.17191019654273987,0.1693955361843109,0.15389229357242584,0.20498302578926086,0.15605881810188293,0.18882018327713013,1
-3.9888150691986084,1.8455644845962524,-0.4791542589664459,0.8944553732872009,-0.07127610594034195,0.20617899298667908,0.20411059260368347,-0.07030974328517914,0.32811737060546875,-0.014881888404488564,0.2100590318441391,0.09721750766038895,0.03529023751616478,0.25773051381111145,0.010107451118528843,0.14636079967021942,0.09362923353910446,0.08119751513004303,0.12672777473926544,0.014795257709920406,1
-4.048032283782959,1.7360605001449585,-0.42690497636795044,0.91335529088974,-0.001823413884267211,0.18842004239559174,0.1929386556148529,-0.05523679405450821,0.30286794900894165,-0.010004750452935696,0.19832204282283783,0.10158286243677139,0.06165903061628342,0.2705002427101135,0.03237338364124298,0.14515072107315063,0.09196843206882477,0.0950125977396965,0.13129304349422455,0.003953229170292616,1
-3.9854166507720947,1.9096109867095947,0.4389151334762573,0.3499542772769928,0.2146931141614914,0.03755012899637222,-0.12606187164783478,0.04932378977537155,-0.02539646066725254,0.10407114773988724,0.11489980667829514,0.13599036633968353,0.033632900565862656,0.2060159295797348,0.046085067093372345,0.1316549926996231,0.019522814080119133,0.13105261325836182,0.034153252840042114,0.11340787261724472,1
-3.871366262435913,1.859726071357727,0.13728123903274536,0.5160893797874451,0.07771790027618408,0.05512705072760582,-0.05219987407326698,-0.026977507397532463,-0.03068237006664276,0.15768897533416748,0.06416827440261841,0.1543738692998886,0.025268834084272385,0.22239534556865692,0.011977555230259895,0.14816004037857056,0.07187048345804214,0.1407560110092163,0.061020392924547195,0.20112168788909912,1
-4.173526287078857,1.6069978475570679,-0.2813730537891388,0.8115596175193787,0.052476562559604645,0.2279612272977829,0.2314574271440506,0.024858258664608,0.3227441608905792,0.012835855595767498,0.18478314578533173,0.10168853402137756,0.04524088650941849,0.2331497073173523,0.027770141139626503,0.1585601568222046,0.1103849932551384,0.0622403584420681,0.13424687087535858,0.03071492910385132,1
-3.6273422241210938,2.2349421977996826,0.19627419114112854,0.4527643620967865,0.19165803492069244,-0.0037378279957920313,-0.028236957266926765,0.04347626119852066,-0.1789441853761673,0.05785037949681282,0.016650350764393806,0.0701688751578331,0.033337585628032684,0.023154623806476593,0.060864806175231934,0.18450404703617096,0.024815505370497704,0.04985548555850983,0.09038086235523224,0.06718343496322632,1
-4.031083583831787,1.8425509929656982,0.2969486713409424,0.702029824256897,0.15402528643608093,0.2650715112686157,-0.021714748814702034,0.06900157779455185,-0.04076721891760826,0.13968400657176971,-0.013780252076685429,0.13107529282569885,0.017273616045713425,0.14140191674232483,0.08285918831825256,0.07667084038257599,-0.010734381154179573,0.09428025037050247,0.0006730543682351708,0.060865841805934906,1
-3.965399742126465,1.979891300201416,0.29187464714050293,0.6096258759498596,0.1179208755493164,0.2131344974040985,0.03479859232902527,0.04318927228450775,-0.01615994982421398,0.16926482319831848,-0.013340753503143787,0.11611885577440262,0.027655286714434624,0.13149215281009674,0.09017033129930496,0.04987422749400139,-0.02866220846772194,0.07884043455123901,-0.012709020636975765,0.043978940695524216,1
-3.997220754623413,1.9980400800704956,-0.18256816267967224,0.4571235477924347,0.08376830071210861,0.10030017048120499,0.09780781716108322,0.12765438854694366,-0.012335177510976791,0.18801885843276978,0.05892318859696388,0.19996857643127441,0.010979998856782913,0.10280051827430725,0.11162043362855911,0.11982313543558121,0.08330453932285309,0.14352461695671082,0.08503640443086624,0.14693744480609894,1
-3.7951910495758057,2.088243246078491,0.4457772374153137,0.560979962348938,-0.25529515743255615,0.37404099106788635,-0.053623266518116,-0.12838473916053772,-0.029503285884857178,0.11166027933359146,0.06558175384998322,0.010625827126204967,0.10500162839889526,0.05306833237409592,0.05386734753847122,0.11446357518434525,0.041807860136032104,0.06752295792102814,0.03704844415187836,0.08759079873561859,1
-3.9141831398010254,2.1655139923095703,0.1561640202999115,0.634573757648468,0.124650739133358,0.21952970325946808,0.059598471969366074,-0.01265830546617508,-0.014465256594121456,-0.008791293948888779,0.11158817261457443,0.04915592446923256,0.08204951882362366,0.0011705065844580531,0.06985242664813995,0.15215227007865906,0.0034590691793709993,-0.02311709150671959,0.09215502440929413,0.01570340245962143,1
-4.337944984436035,1.1250197887420654,0.20713774859905243,0.29954907298088074,0.1638135015964508,0.1950874626636505,0.0550389401614666,0.24868246912956238,0.030784400179982185,0.2497277557849884,0.09604133665561676,0.20916494727134705,0.12568776309490204,0.16129256784915924,0.1642155647277832,0.1575728952884674,0.14418980479240417,0.22775934636592865,0.15262261033058167,0.20745761692523956,1
-3.2536988258361816,2.7749834060668945,-0.15477721393108368,0.5227406024932861,0.040404897183179855,0.045361604541540146,-0.31384918093681335,0.23038023710250854,-0.2815456688404083,0.08681260794401169,-0.010954439640045166,0.04519498348236084,0.00927927065640688,0.03358500078320503,-0.020886581391096115,0.12091518193483353,0.011917835101485252,0.038084790110588074,-0.004015902988612652,0.06271083652973175,1
-4.025531768798828,1.809831142425537,0.13465763628482819,0.5364382266998291,-0.10307896882295609,0.28271278738975525,-0.17742912471294403,0.15187083184719086,-0.0829877182841301,0.1960989087820053,-0.0463825948536396,0.23149219155311584,0.05531010031700134,0.15721395611763,0.057696856558322906,0.22556975483894348,0.048179008066654205,0.1892247051000595,0.09022051095962524,0.18420551717281342,1
-4.226659297943115,1.1720218658447266,0.2836897373199463,0.6271474957466125,0.19777031242847443,0.26541778445243835,0.055711109191179276,0.12954950332641602,0.1028352603316307,0.14231300354003906,0.10655488818883896,0.18807214498519897,0.05472194403409958,0.2087857872247696,0.0824107825756073,0.12070655077695847,0.12566660344600677,0.11237005889415741,0.07061583548784256,0.0971602275967598,1
-3.6226630210876465,2.313966751098633,-0.09000882506370544,0.5599750876426697,0.22443479299545288,0.09290467202663422,-0.19973327219486237,0.03384001553058624,-0.10815061628818512,0.1576434224843979,-0.10912170261144638,0.17605644464492798,0.03904545307159424,0.07949390262365341,0.11683804541826248,0.15883943438529968,-0.05277476832270622,0.08897192031145096,0.014699403196573257,0.08236011117696762,1
-4.185422420501709,1.5791444778442383,0.0756099671125412,0.35690099000930786,0.13023550808429718,0.03670763596892357,-0.1086312085390091,0.02018742822110653,0.06654784828424454,0.14827536046504974,0.14689622819423676,0.22288304567337036,0.16380086541175842,0.2488616555929184,0.16270022094249725,0.1777915209531784,0.15547698736190796,0.19511090219020844,0.11748263984918594,0.169111430644989,1
-4.292111873626709,1.3199946880340576,0.13809235394001007,0.3651813268661499,0.1279636025428772,0.061192695051431656,0.03436162695288658,0.030214739963412285,0.07238493859767914,0.17272061109542847,0.1401297152042389,0.19407543540000916,0.16319893300533295,0.24902871251106262,0.1602661907672882,0.19020222127437592,0.1906943917274475,0.18662860989570618,0.1659555286169052,0.20292067527770996,1
-4.061122417449951,1.6854201555252075,0.11156848073005676,0.5206305384635925,0.1589498221874237,0.20609569549560547,-0.180635467171669,0.11322774738073349,-0.052592046558856964,0.2482859194278717,-0.038872938603162766,0.26047149300575256,0.07426784932613373,0.15291205048561096,0.1467198133468628,0.1378931850194931,0.05417563393712044,0.15788450837135315,0.05698855221271515,0.16288699209690094,1
-3.7560439109802246,2.1944050788879395,-0.07794160395860672,0.5094538331031799,0.0004412636917550117,0.271859347820282,-0.046215299516916275,0.11105050891637802,0.03482868894934654,0.22004179656505585,-0.052440907806158066,0.18165136873722076,0.039412856101989746,0.1379588544368744,0.09950482845306396,0.032116666436195374,-0.04564286768436432,0.10781042277812958,-0.04663665592670441,0.042985670268535614,1
-4.0413360595703125,1.8012142181396484,0.39286109805107117,0.4815455675125122,0.1446547657251358,0.15390659868717194,-0.012195583432912827,0.06091319024562836,-0.017588716000318527,0.1806667000055313,0.06316209584474564,0.18765291571617126,0.021090075373649597,0.14699837565422058,0.04742404818534851,0.05689973011612892,0.031169088557362556,0.13983598351478577,0.024720635265111923,0.07771813869476318,1
-3.5814859867095947,2.2429563999176025,-0.10997231304645538,0.4614175260066986,0.28671446442604065,0.08774197101593018,-0.18266072869300842,0.3172869086265564,-0.24754899740219116,0.12695659697055817,0.09077709913253784,0.055990248918533325,0.027087658643722534,0.09308832883834839,-0.014556697569787502,0.14726291596889496,-0.007374423090368509,0.0749954953789711,0.04383162781596184,0.050372615456581116,1
-3.725010633468628,2.203173875808716,-0.12379274517297745,0.7087396383285522,0.0473739430308342,0.1728726327419281,-0.04314613714814186,0.06260418146848679,-0.05176353082060814,0.16513949632644653,-0.016658300533890724,0.15275707840919495,0.06228996440768242,0.14231981337070465,0.0710962563753128,0.05598406121134758,-0.04724380001425743,0.08516363799571991,-0.0025412729009985924,0.039694711565971375,1
-4.1718525886535645,1.7396421432495117,0.18898652493953705,0.5671201348304749,0.10973139107227325,0.18656931817531586,0.017871225252747536,0.17475369572639465,-0.016382060945034027,0.1814151108264923,0.11042512208223343,0.16206395626068115,0.014669057913124561,0.13264049589633942,0.07129762321710587,0.10591217130422592,0.043178100138902664,0.15347899496555328,0.07186949998140335,0.08660726994276047,1
-3.216233968734741,2.1837430000305176,-0.4151207506656647,0.6524034738540649,-0.24936817586421967,0.11669732630252838,-0.057166069746017456,0.1436125785112381,-0.12769362330436707,0.19382978975772858,-0.07690142840147018,0.13881461322307587,0.10759938508272171,0.09431517869234085,0.073639415204525,0.09553921967744827,0.03998366743326187,0.06362336874008179,0.05799005180597305,0.12790369987487793,1
-4.2425689697265625,1.5766087770462036,0.34964296221733093,0.40876105427742004,0.21926608681678772,0.025721820071339607,-0.04161633551120758,0.05450873821973801,-0.027089614421129227,0.07752269506454468,0.09665339440107346,0.20838284492492676,0.06376729160547256,0.1392533779144287,0.16019155085086823,0.19125047326087952,0.17101453244686127,0.1942267268896103,0.1062803715467453,0.1661859005689621,1
-4.313141822814941,1.1962099075317383,0.13983970880508423,0.3171951472759247,0.18481017649173737,0.15919452905654907,0.08570794016122818,0.23021118342876434,0.0035070364829152822,0.23879125714302063,0.1257103681564331,0.1937999576330185,0.15579387545585632,0.12865255773067474,0.16713102161884308,0.15036490559577942,0.1541375070810318,0.21933111548423767,0.1578482687473297,0.18880774080753326,1
-4.201478958129883,1.533860683441162,0.27654120326042175,0.4001353681087494,0.19338780641555786,-0.0360061451792717,0.010193105787038803,0.10414815694093704,0.0289674773812294,0.2017805576324463,0.09730034321546555,0.07905258238315582,0.1127462238073349,0.17386697232723236,0.10435366630554199,0.131061390042305,0.12191661447286606,0.24539174139499664,0.1056085005402565,0.218140110373497,1
-4.178854942321777,1.6155420541763306,0.18849746882915497,0.37934792041778564,0.2030356228351593,-0.03889476880431175,0.04574178159236908,0.0736432671546936,0.04558822885155678,0.19234581291675568,0.09059034287929535,0.06774366647005081,0.11118049919605255,0.17737334966659546,0.11479604989290237,0.12584838271141052,0.12241054326295853,0.23782984912395477,0.12143226712942123,0.20688307285308838,1
-4.104564666748047,1.9196656942367554,-0.09836899489164352,0.5647376775741577,0.13031846284866333,0.11817894876003265,0.11012089997529984,-0.05909750610589981,0.20595324039459229,0.0694628655910492,0.11951566487550735,0.10769133269786835,0.07742788642644882,0.17574447393417358,0.03874489665031433,0.09819069504737854,0.10579026490449905,0.10617157816886902,0.161019966006279,0.07800468802452087,1
-4.255021095275879,1.4522956609725952,0.24873360991477966,0.31951904296875,0.17607611417770386,0.017224416136741638,0.06396608054637909,0.13800232112407684,0.09498602896928787,0.21844467520713806,0.10890012979507446,0.0631183609366417,0.10118041932582855,0.16749316453933716,0.11864431202411652,0.1604468822479248,0.14450927078723907,0.23900152742862701,0.12512163817882538,0.1949639469385147,1
-4.099612712860107,1.7431628704071045,-0.38140517473220825,0.8634160161018372,0.030756931751966476,0.21413709223270416,0.19523711502552032,-0.025109730660915375,0.30214670300483704,-0.009162897244095802,0.20490142703056335,0.09446686506271362,0.04490434005856514,0.24884849786758423,0.027536340057849884,0.14797013998031616,0.09931600093841553,0.09312840551137924,0.11767560988664627,0.013424578122794628,1
-4.09865665435791,1.7231346368789673,-0.3743124008178711,0.7826022505760193,-0.015830814838409424,0.23532676696777344,0.20640729367733002,-0.03296827897429466,0.3172048032283783,0.020536307245492935,0.21217229962348938,0.10209384560585022,0.04760054126381874,0.24574963748455048,0.04268035665154457,0.1526462286710739,0.0936773419380188,0.09470690786838531,0.13282309472560883,0.032914645969867706,1
-3.862161636352539,1.858383059501648,-0.3764722943305969,0.6213769912719727,0.12441570311784744,0.008480810560286045,0.19899454712867737,-0.1178562194108963,0.13359592854976654,0.03202817961573601,0.03966941311955452,0.14845414459705353,0.022695239633321762,0.1830461174249649,0.09907346963882446,0.09758111834526062,0.2155076116323471,0.09376322478055954,0.21463295817375183,0.17740081250667572,1
-4.260995864868164,1.4619029760360718,0.2493477463722229,0.34083619713783264,0.19878163933753967,0.0543588288128376,0.10260588675737381,0.11308284848928452,0.04151482135057449,0.1829993724822998,0.1213517114520073,0.07641163468360901,0.1086401417851448,0.17509448528289795,0.11961349099874496,0.1574210822582245,0.11943776905536652,0.23260535299777985,0.11793648451566696,0.18663102388381958,1
-4.20941686630249,1.5231739282608032,0.2525222599506378,0.3479550778865814,0.1830824613571167,-0.00942421704530716,0.03387030214071274,0.10445552319288254,0.0635308176279068,0.21079306304454803,0.07084086537361145,0.05599289759993553,0.09874100983142853,0.1563623547554016,0.10955995321273804,0.1301926076412201,0.14348313212394714,0.26801222562789917,0.14294080436229706,0.22318051755428314,1
-4.17717981338501,1.5707387924194336,0.2875387966632843,0.3248158097267151,0.21999439597129822,-0.046119604259729385,0.01810823567211628,0.06969188153743744,0.02790818363428116,0.2106359750032425,0.07747382670640945,0.026310939341783524,0.10465272516012192,0.17969158291816711,0.10926930606365204,0.14632968604564667,0.1253891885280609,0.2783734202384949,0.13046471774578094,0.21645861864089966,1
-4.316007137298584,1.366401195526123,0.2577703595161438,0.3792376220226288,0.16389191150665283,0.09571211785078049,0.09725993871688843,0.11869175732135773,0.0868167132139206,0.19261227548122406,0.1123325452208519,0.10060224682092667,0.12001670897006989,0.15768396854400635,0.12148317694664001,0.15606266260147095,0.1344778835773468,0.22520427405834198,0.13019122183322906,0.1958233267068863,1
-4.235103130340576,1.525773286819458,0.23129694163799286,0.3316504955291748,0.20494486391544342,0.045762524008750916,0.022319085896015167,0.08410636335611343,0.08231765031814575,0.18861576914787292,0.09654966741800308,0.07953145354986191,0.1140659749507904,0.17052796483039856,0.11565221101045609,0.14070932567119598,0.12090042233467102,0.24280999600887299,0.13825424015522003,0.1983155906200409,1
-4.240089416503906,1.4457497596740723,0.2480110228061676,0.3828200399875641,0.20764580368995667,-0.015506049618124962,0.03612784668803215,0.08640758693218231,0.08354487270116806,0.21776457130908966,0.07212209701538086,0.07062005251646042,0.1180400550365448,0.16987892985343933,0.12644639611244202,0.14290574193000793,0.13147513568401337,0.25779595971107483,0.13575302064418793,0.21900507807731628,1
-4.350724697113037,1.3159980773925781,0.01123232115060091,0.4813199043273926,0.18031808733940125,0.15784914791584015,0.2780691981315613,0.04264345392584801,0.16451895236968994,0.10544395446777344,0.09034965187311172,0.21541503071784973,0.11232706159353256,0.18030999600887299,0.1633676290512085,0.11246157437562943,0.19122441112995148,0.12718874216079712,0.15331418812274933,0.16215172410011292,1
-4.248147487640381,1.4465975761413574,0.2461852729320526,0.3433097004890442,0.17805889248847961,0.02404969558119774,0.04542398080229759,0.12803547084331512,0.05687412992119789,0.2174432873725891,0.11309268325567245,0.06946144998073578,0.10739634931087494,0.17773202061653137,0.11405089497566223,0.15736176073551178,0.1321810632944107,0.24846354126930237,0.12534764409065247,0.2128535956144333,1
-4.220076084136963,1.4867216348648071,0.2667311728000641,0.2854170799255371,0.19659583270549774,0.02184971608221531,0.028342386707663536,0.09957437962293625,0.07627318799495697,0.22251078486442566,0.09507811814546585,0.06860878318548203,0.11428171396255493,0.17739245295524597,0.1225229799747467,0.14128516614437103,0.12233705073595047,0.2505917549133301,0.13511981070041656,0.2057994306087494,1
-3.4594709873199463,2.485556125640869,0.4623027443885803,0.7678518891334534,0.3348945081233978,0.2944118082523346,0.08294468373060226,0.15677545964717865,-0.047458406537771225,0.03266486898064613,-0.07205890119075775,-0.004269677214324474,-0.02659095823764801,-0.1449344903230667,-0.11118845641613007,-0.007566555868834257,-0.2408149540424347,-0.1266818791627884,-0.13911397755146027,-0.17222240567207336,1
